1851_recid,JR_1861_recid,PLD_1861_recid
9962974,10889589,10896581
14041080,15628429,15498896
13461094,14912643,14916929
13767671,15821168,15378267
13569160,15121433,14876209
14600397,16219430,16206687
13253000,14670085,14630423
12171342,13066609,13322749
13435801,14901074,14761929
13205242,14658544,14644704
12479085,13776188,14768128
13221264,14637273,14625854
13955567,15522586,15542204
12440114,14201492,13678433
13753633,17316282,15857600
13246484,14691015,14689306
13048294,14585044,14357799
13115925,14538056,14290601
13252238,14702810,14695661
13190473,14658019,14645546
13459842,14913328,14982056
13925880,15500279,16677778
13106514,14544558,14538448
5427529,5954266,5949950
7982826,8547696,11030312
12504738,14735960,15707034
13415948,14988177,14775202
12506169,13740098,13730364
13419778,14943722,14774327
11457058,12477070,12462483
14204083,15797865,15866285
12566581,13828500,13825130
8975530,9662266,13338809
12946725,13448963,13461134
13247410,14693557,14658658
9942243,11226650,10843828
1653650,15868219,13666231
14292232,15649970,15663644
13210656,14453987,14642369
11468071,14382881,12458835
12384801,14877118,14736735
13423450,14906604,14921120
13960266,15526439,15526015
14222579,15470522,15468934
13482596,14978783,14976056
14040711,15623189,15623193
14365945,16173157,15936721
12503990,13744126,13747180
5446701,5970286,5970211
10880752,11819505,11817414
14632668,16254030,16253404
9993878,10893018,10893511
13504313,15005828,15005756
14603604,16226796,16217225
13923161,15489785,15496835
1449575,1510685,1510688
13428684,14907667,14907256
1319673,1511959,1351388
16257489,18241013,18241010
3809343,4218424,4221343
15423238,17209006,17208997
13518987,15012331,15121859
14556840,16166538,16166228
13240929,14687252,14685484
14159011,15741014,15663609
13169168,14597135,14594151
12769727,14122149,14293808
14325267,15872894,15872761
11108803,10587075,12106785
14396748,15979401,15965468
13635967,15155375,15149826
11328970,12357832,12310351
11492631,12500195,12500089
13915932,15490106,15488749
16284134,18268742,18268267
13498099,14997797,14987896
13233903,14693400,14669128
13942034,15511439,15511441
11352100,14388368,12355183
13964446,16404269,15532558
12636632,14045480,13824956
13761286,15287973,11664473
12572361,13827038,13823457
9942612,10844292,10844247
12259674,13463792,13427700
14040456,15622716,15622602
5521526,6074910,6066426
13294421,14754330,14759031
14109522,16233693,15689994
14609606,16224836,16225445
13156016,14517930,14582333
1445252,1562494,1509762
14209560,15449164,15447038
13440529,14906453,14906713
14207756,15446823,15447280
11351364,12358046,12355229
14357937,15907053,15907543
13486799,14983371,14983373
14040664,15623291,15621019
13951173,15519456,15519412
1418009,1525807,1511932
13505546,15089791,15005371
14262820,15445769,15444466
9991504,10898527,10903193
12316244,13561980,13559610
13553905,15115570,15115567
11357180,14487238,12367648
16287193,18271178,18270947
14588910,16197903,16197051
11587796,12610276,12610234
13117263,14356656,14268991
12321621,13569617,13568003
14210046,15448411,15442493
13925110,15499189,15499338
12359874,13475016,13605974
1420885,1531650,1461269
13737915,15266757,15266752
12554845,13812602,13808477
13291839,14755091,14755847
13494347,14994620,14994152
13512818,15019638,14580963
13410772,14880035,14883317
13752185,15714668,15280732
13494042,14993368,14993127
13290908,14757368,14754474
12317146,13560833,13565708
12986453,14358060,14357942
13093727,14438555,12606593
13499945,14999574,15001731
13483902,14981340,14965654
13461536,14912269,14940824
13992598,15562199,15561992
13906949,15479552,15484957
12320311,14025630,13560671
13297891,14752280,14751293
13181092,14606511,14610417
13361317,14787546,14836369
14263132,15413731,15441362
13901938,14710140,15461815
14118006,15665835,15658160
13613728,15131521,15129528
14034482,15508582,15504424
13467179,14959288,14771891
13847171,15391361,15391357
14029543,15550559,15573445
11411301,14216695,12421659
11454814,12399011,12465561
12444377,13695006,13645517
13751199,15280945,15279946
13154256,14580773,14597000
13359411,14819050,14846789
13920295,15493584,15489847
12352055,13603414,13602824
13438779,14933429,14926672
12394489,13540347,13527345
13185510,14611982,14615466
5453909,5977996,5978542
13103061,14494027,12317214
14037405,15612265,15619507
12496786,13782988,13727200
13275033,14727526,14545494
13751738,15280732,15280633
13366712,14833193,14831003
13106643,14551260,14538322
11371972,12382990,12376306
14209550,15449349,15447949
13915934,15488828,15488744
13499357,14998848,14998836
12502160,14638402,14683713
14599784,16249669,16219003
13594380,15042573,15058068
13487930,14985071,14888723
12271243,13481045,13480937
13460818,14977072,14969632
12554594,12374435,12411776
16249243,18233224,12704737
16205615,18186313,18186768
11471858,12483912,12463342
14216015,15455319,15455105
12220059,13387276,13380259
13454859,14935172,14934600
13292872,14758821,14752845
13453110,14934464,14942433
13502167,14999774,15001574
12384909,13643073,13641338
13981485,15549321,15529228
13293016,14754387,14734967
14040958,15623417,15621766
13394465,14805471,14731893
13452997,14959848,14941717
13482072,14977743,14964491
13631095,15150349,13368285
13360290,14848296,14823061
11521105,12539811,12539857
11308407,12324004,12316556
13254625,14702955,14701292
13232435,14510329,14610188
12321664,13569769,13574920
12406306,13540096,13520453
11309194,12327014,12327841
9939935,10842042,10842088
14219155,15456855,15456016
13359115,14847317,14300761
13924663,15498923,15497665
13875359,15291016,15290590
13358124,14847630,14846783
11434853,12443353,12442535
9037873,9736971,9728599
14040454,15622714,15621514
14352703,15904652,15865456
13185880,14613369,14614115
13493723,15001304,14993178
13290966,14757970,14753025
13256334,14746974,14670116
13880119,15423481,15440039
11323025,12330000,12328773
13598385,15122111,15044753
12252483,13434634,13425260
13471482,14957839,14942710
13857797,15377939,15378442
9940011,10841511,10845574
14112166,15695630,15628753
14403151,15396224,15988826
13491850,14990804,14971406
13187120,14912648,14912741
12912850,14287868,12239616
13991645,15561147,15559742
13453555,14910456,14893278
13964562,15526341,16398053
13439051,14921728,14903279
13484131,14981128,14913906
14754241,16403870,15547259
13161337,14589155,14589433
12379683,15108458,15109623
11588952,12616732,12613611
13192069,14383907,14620387
13118909,14530842,14358070
13505618,15005738,15004093
14557358,16168858,16168104
12321802,13569627,13485108
12243808,13414709,13414906
13579016,15046768,15093248
14222944,14699327,15461666
13461006,14911049,14896468
13530144,15032126,15008477
12552387,13815954,13811855
12334127,13579124,13568964
13343602,14856400,14856246
13629417,15147760,15147729
13956541,15525121,15525113
13920170,15495083,15483644
13910169,15483644,15483570
8975103,9652412,9669367
16400369,18398254,18392217
3214616,1509751,1484671
13598315,15111597,15044778
13501102,15001688,14971277
13185264,14616482,14616475
13607351,15124440,15021771
13208402,14659025,14676571
9993861,10894302,10870516
14723126,16358408,16358403
13171869,14608647,14508622
13929784,15503692,15503642
14037898,15619705,15498577
13358527,14846835,14805257
13758132,15285324,15284632
13342460,15279376,14853631
13479220,14925135,14928119
13471231,14958119,14957671
13500014,15001018,15001035
11590693,12616694,12612199
14731886,16360590,14503325
13162618,14590738,14587286
13169760,14594835,14597512
13757735,15285162,15285121
11364631,12390072,12383442
13217827,14685669,14661316
13420608,14993234,14973290
13144849,14561194,14572370
9939992,10841242,10845106
14269727,15926534,15907986
9968988,10873392,10870820
11467389,12480351,12471963
13527143,15034529,15034320
14631919,16253798,16252732
13568830,15089090,15050449
13925247,15499277,15497605
13494036,14993080,14993364
9399529,10164568,10164552
13837336,15385787,15386994
13162827,14591102,14590459
14303466,15844637,15379199
12488205,13787608,13787606
13438645,14988516,14890716
12323419,14287655,13570202
13380192,14867156,14862878
13323405,14814792,14807868
13504052,15005521,13646148
13953194,15520970,15520694
13487038,14984241,14978136
9989775,10876897,10863265
13294243,14759649,14745751
13433228,14937737,14862126
13024978,14488918,14488917
13073434,14473556,14454673
13846570,15389421,15392499
13426777,14903228,14903227
13925539,15499348,15499531
14360630,15929184,15832703
12524305,13775104,13780554
9971416,10863531,10878077
5531049,6074917,760387
9974884,10969903,10869725
7795075,8377831,8385070
13493455,14992908,14992737
7826097,8413184,420386
9932719,10834143,10832913
13170357,14597338,14597995
13401832,14826846,14826845
13497593,14997524,14997521
12539302,14754798,13746700
1440513,1535901,1221150
13396701,14813541,14800636
13217564,14698842,13735390
13297443,14752672,14752558
13333439,13781281,14821427
13285721,14747587,14747586
13308077,14775024,14753523
13334339,14823033,14821642
13345747,14800299,14832385
13407496,14877567,14960064
14346508,15898458,15693842
13488736,14984390,14979392
14313190,16748418,16165921
13741835,15269864,15269678
14136536,15721254,15445038
5510871,6054311,6054309
13348542,14838067,14836618
13472523,14956682,14956320
13966845,15579956,15533752
13904897,15465016,15464204
14110589,15690047,15689673
13377774,14866598,14866596
13998498,15630328,15567233
13354184,14338276,15711266
11383412,12415565,12400287
11337358,12346429,12346155
13954176,15522346,15520538
1401735,1489939,1463217
13601002,15124886,15094370
13927361,15503450,15615497
13348891,14838622,14830596
12992509,14578863,14573168
12526874,13786839,13787028
13173174,14539147,14592700
13880128,15143851,15429622
14731579,16371947,16363089
13976333,15544081,15543685
13930323,15504236,15491855
12454348,13697029,13695993
11280204,14487928,12283948
13487117,14985045,14983693
13157748,14585146,14583085
13361280,14849452,14848939
9990600,10898390,10892565
5512469,6057102,6054217
4720395,5202842,5202288
13848749,15388729,15387070
13539135,15121263,15041885
13162874,14591065,14581455
9987310,10860869,10868973
11344592,14441584,12351279
12503283,13788047,13726271
9991916,10898424,10851177
13367859,14833298,14809164
13459513,14910113,14912623
13092063,14491640,12359305
9945749,10847386,10847110
14340939,15890617,15890361
12448909,13628094,13656402
13481073,14965958,14965105
12482752,13757744,13726186
13974615,16256959,15524440
12454545,13700691,13616180
14038034,15619989,15617793
14346787,15897643,15897613
14755856,16405201,15547973
12287586,13501693,13456385
1441204,1570702,1570701
12558761,12321503,13812032
11292440,12295585,12295262
12571026,13822970,13823769
13397873,14801786,14800318
6390267,6935643,6931692
13911933,15485207,14445615
13402194,14826751,15311121
13395241,14799261,14799259
12258734,13462432,13449847
12390534,13521223,13521220
13460853,14889275,14898936
13340308,14842833,14847628
10190666,11109394,11110933
13763123,15291767,15291762
13246904,14694067,14694071
12324844,13568238,13568236
13178905,14610326,14610325
13376801,14863338,14867210
13845706,15392500,15392245
16239901,7567371,18218976
13486786,14983912,14983906
12555262,13810895,13810892
13957075,15525227,15512198
14753044,15546371,16402566
13886659,15427106,15428217
13410376,14883485,13761745
11292600,12297026,12295566
1389087,1474170,1521913
13108710,14540819,14537892
13512912,15019721,15019716
13497745,15024376,14996731
13494218,15104981,15104980
13850263,15389100,15388407
16215929,18217911,18200092
13533730,15037574,15037572
13953974,15520251,15511868
12489134,14659114,13811575
13850748,15387170,15387816
14058393,15737013,15745762
13604546,14959910,15050024
13506655,15002494,15002492
9929704,10859505,10830073
13192571,14643243,14628813
5454292,5979513,5978716
9477632,10286614,10280054
9934241,10820404,10833399
13440650,14906775,14716273
13115465,14518080,14518077
9933357,10832827,10832786
13339692,14833938,14833937
13499269,14998747,14998746
13166581,14593768,14593767
9938267,10840320,10840213
9944218,10845770,10845744
9994324,10895169,10893870
13489297,14988198,14988197
9948408,10899780,10851327
10161789,11081645,11081395
14340332,15889694,12806290
10189822,11110210,11110821
13373448,14870121,14869398
13228177,14678792,14620801
11435961,12447537,12447532
11441955,12453439,12452964
14340544,15722847,15889694
12419327,13328270,13699484
12400229,13536596,13532279
12328215,13573744,13571269
13276702,14738009,14716498
12331477,13578761,13578115
13489295,14988197,14981456
12351219,13602073,13602086
13358155,15281361,14834206
14190592,15774659,15422651
13360792,14848655,14798298
12506987,13746420,13751562
14298729,15924568,15260856
13471160,14958982,14954653
13902718,15465941,14642638
13291221,14758239,14727513
13379590,14865689,13580718
14059631,15639366,15739531
14280203,15823856,15214065
13987658,15556116,12246312
13487040,14989196,14983678
14214866,15453587,13780966
14342509,15892005,15856762
13925293,15628889,15497857
14337290,15888430,15887896
13899301,15459148,15458982
13883529,15415174,15291502
11395725,12411743,12372738
12406508,13881023,13580910
14216477,15720149,15453726
13897525,15429378,14743350
14016076,15566676,15590861
13339384,14833668,14830064
13883004,15442145,15422457
13360333,14848944,14848598
13583273,15103655,15075237
12572306,13826835,13826824
13308580,14764693,14763682
13456473,14934533,14915837
4713834,5194065,5193065
13969548,15538077,15537062
13322849,14802016,14787029
13858444,15378660,15378382
13447069,14925380,14896631
13572070,15093264,15096241
13199639,14627136,13747458
13614746,15131656,15131588
13353528,14836761,14165793
9928605,10830685,10829111
9948061,10850367,10850366
14341008,15890679,15729302
13413982,14887006,14769639
16255173,18238755,17062791
13566246,15077472,15052718
13317112,14799226,14785335
13925296,15499108,15498589
13290120,14753748,14752940
14319035,15719554,15884398
14037126,15618681,15619311
12535498,13787742,13793284
11409381,12314921,12417330
13352882,14844471,14805365
13609954,15126558,15049146
13429057,14907564,14907563
12298315,13557263,13515989
14213846,15708169,15714436
12360408,13609051,13225639
12589763,13853427,13828460
14573125,16185160,16239303
14556900,16166045,15790463
13276241,14738543,14738302
13491276,14979892,14954404
13296498,14759789,14754793
13503092,15002676,15020005
6381091,6919817,6919566
13497527,15025690,14995663
14564111,16168617,16167982
12987378,14358857,14358659
14030760,15612351,15555055
12406670,13540520,13527954
12550903,13732420,13808033
13277532,14739559,14740720
13270873,14711978,14717654
13186519,14616857,14579994
12986507,14358155,14360079
12386170,15009795,13663100
9993723,10892811,10880101
13237424,14681598,14618956
12535874,13788233,13783991
13163047,14594085,14591267
13422680,14941457,14918470
12573515,13824860,13827514
13490951,14989629,14968820
13293256,14753493,14753273
11471915,12483984,12402970
12588647,13854153,13847129
12524247,13775158,13769633
12541918,13791270,13792510
11454269,12466883,12452704
13299651,14769155,14762305
13485668,14982541,14976340
12384908,13643072,13636998
12220821,13382851,13379638
12987563,14358697,14358668
13494009,14993369,14964962
13925260,15499186,12326163
14563425,16168090,16166821
13357940,14846474,14836819
13431018,14972989,14910570
13461106,14913118,14818288
14035145,15617004,15616599
14033806,15614924,15503665
13763342,15291656,15291821
14038269,15620235,15503963
13438617,14949286,14937501
11323887,12330841,12330670
13014537,14414571,14148456
12375532,13630729,13630749
13548150,15038946,15110497
13479404,14978454,14868106
13324270,14810765,14820824
13947930,16170146,15515404
11414799,12404436,12421319
13538290,15122957,19172925
13360608,14848606,14845640
13461410,14910658,14955533
13488951,14986641,14986642
13588479,15101259,15106296
13251949,14699690,14591886
12552128,13815270,13815269
13543163,15046081,14977333
12337632,13585267,13584549
14361461,15930293,15930292
14342829,15891868,15889207
13618291,15135518,14627940
13578792,15078271,15094870
13333893,14776119,13451557
13904384,15464810,15461837
13498225,14997666,14997522
9939934,10842041,10842087
13212605,14651816,14617825
11449514,12458837,12434885
13533600,15038419,14943744
13401689,14827269,14826435
13390936,14870351,14870350
4712806,5198402,5194717
13294037,14756430,14754574
9944583,10846481,10846477
12566987,13821196,13821080
9990238,10901117,10900116
13570541,14924787,15047077
13145345,14563795,15497410
11293405,12294692,12295397
13484092,14992717,14968682
13491710,14990597,14970300
13428190,14943378,14917431
13347029,14837165,14835068
12220065,13380282,13400154
13919327,15492432,14564563
13477006,14971565,14965295
13159062,14584075,14550896
11292429,12296822,12296471
11422676,12435298,12435024
11457715,12488647,12460552
12322562,13566517,13570029
12337173,13606592,13584498
1429736,1487294,1524219
9984625,10887554,19581722
13294870,14759743,14756543
9946479,10850862,10890976
13870390,15413506,15851203
1389809,1487827,1525805
1403105,1492368,1484841
1390068,1519712,1518626
13263904,14722489,14721650
1419479,1526322,1514411
9950418,10852777,10850665
14315518,15861873,15431287
1361038,1532198,1459344
1449814,1543431,1568540
1477917,1557919,1468856
13925807,15499516,15498608
14590133,2828482,16199344
13292873,14758822,14752843
13945189,15514630,15513811
11450179,3532460,12480636
13448649,14928235,14921429
1410038,3722652,1483858
5512342,6053522,6055177
5510613,6054276,6053157
14260899,15443297,15442010
6370982,6913600,4023370
6389372,6934366,6929904
13470763,14958208,14954741
8946332,9641663,9635780
9989019,10743099,10863919
13425390,14877383,13697029
9948482,10848585,10848227
9964742,10863875,10901036
9966773,10867056,10865619
9959894,10870446,10876873
14034454,15614895,15503667
9929410,10885864,10829935
9995265,10890306,10902592
9987394,10891570,10863769
9963693,10892949,10863309
14164841,15746774,15746532
13459740,14912186,14917319
13469984,14985677,14963074
9963488,10898899,10894729
9995110,10899694,10864800
9980604,10899788,10899277
9948962,10903567,10883555
12577723,14310596,13557405
13352385,14841734,14833451
11466732,12483283,12469281
11368467,12377811,12374555
13196182,14634501,14623714
13319929,14794380,14792004
11388319,12395986,12416793
13870965,15884801,15415606
11384939,12399052,12382338
11387254,12402945,12392587
13260233,14728061,13723012
7796471,8379886,8384578
12221584,13378087,13377812
13298151,14755639,14336375
11405374,12417663,12408072
14372899,15942978,15570095
11444924,12456092,12443353
11454547,12462978,12464824
11459994,12467647,12467497
11447885,12468803,12462733
13340818,14835545,14833115
13251719,14700862,14696400
13264825,14726418,14717964
12520192,13786300,13564960
12534271,13781076,13721257
13964805,15526287,15525426
13338881,14811267,13790215
11460844,12472171,12471058
11458069,12474961,12443615
13412960,14886061,14774947
13567310,15111908,15115960
11469746,12481428,12462132
11471791,12489174,12478667
13767099,15296268,15295121
11449304,12610505,12465835
13317291,12642487,14788262
12221222,13378658,13378418
13857535,15376974,15376871
12260181,13463700,13456210
13488405,14984639,14903853
12273009,13486094,13483216
12544466,13789146,13784475
12260079,13487163,13427732
13927018,15501325,14832424
11387058,12405136,12391675
13518893,14976394,15001328
12469582,13717686,13597421
11116973,12116347,12116346
13472719,14981805,14954989
12170644,13546374,13324317
13349116,14838506,14836988
12496926,13741323,13718515
13166623,14593987,14590362
13857346,15376882,15375850
13104113,14503571,14466347
13381750,14778370,14864146
13482680,14979050,14906260
13892269,15435017,15418040
9925246,10832301,10826349
12254093,13443019,13458521
14564144,16168556,16145237
13263911,14722476,14722609
13185700,14613595,13915190
12338259,13586105,13585128
12288610,13501731,13503260
12484480,13728824,13716891
12339668,13587541,13585443
14397191,15978091,15954752
14244563,15823163,15654113
12359236,13609898,13425618
12346489,13595521,13594738
14400087,16166085,16139835
11332084,12340284,12334295
6365801,6908149,6907212
13467037,14775245,14952186
13131515,14575601,15484665
13146411,14572060,14535092
13996065,15564977,15550555
11326832,12334190,12309258
13457441,14938956,14899463
5995010,6550418,6549024
13572891,15125039,15181447
14152281,15733542,15645312
14143562,15728875,15728486
12359178,13610257,13609765
12377710,13642886,13634364
11309670,12327297,12313074
12310615,13555018,13552994
14368738,15975925,14376030
12456689,13699227,13699207
11462004,12472964,12663292
13899917,15458616,15466138
11591971,12616341,12613724
12531750,13782796,14691371
14395969,15976674,15973405
13251357,14701768,14685276
13438104,14900771,14916517
13068292,13876953,14039147
13317637,14799462,14803777
13871529,15415184,15412774
14726372,16372071,16373684
13377019,14867334,14864030
11367050,12374081,12383861
14619206,14082532,16247801
13133388,14578775,14572634
14267814,15924007,15923640
9993789,15279309,10868459
13317390,14799104,14809644
14733095,16367466,16581825
13910491,15484227,14507586
13861331,15404995,14788732
12559303,13807614,13743890
13618086,15135855,13260788
13143567,14561466,14872627
6129154,14707828,6672090
13456048,14892033,16302002
13139126,14537697,14575308
12218424,13382096,13381125
13001337,14409663,14401448
12328909,13575043,13562995
14216251,15455354,15457917
13969394,15538000,15537733
13154257,14580774,14480922
13156037,14584304,14585386
12535856,13789641,13728216
12563344,13810631,13810381
13090979,14494746,12319567
13537923,15044589,15040713
13849067,15388021,15387867
13272011,14733695,14660217
14063511,15647883,15560807
13146665,14571819,14571500
11478315,12465345,12466774
12534244,13782870,13758500
13238420,14683361,14629716
13987545,15556200,15996060
17192224,19241782,18703481
14037467,15619301,15616431
9992148,10899032,1369003
9969993,10868524,10826537
13470261,14957298,14952982
14038887,15620537,15616586
13991838,15561565,15561348
13968475,15536476,15536464
13846539,15393509,15393416
5522672,6065122,6064940
13336571,14824024,14827082
13355256,14841889,14841870
13915487,15488869,14563792
16238553,18223191,18223557
9987657,10889503,10870344
13353469,14788476,14789208
13887830,15407371,15295277
13914557,15487772,14474361
13847418,15392978,15391770
13424862,14927543,14942511
13505258,15006751,14304696
13916981,15491181,14553679
13532236,15036519,15036205
12358969,13608223,13611971
14745217,16068085,11406929
5425536,5949363,5795123
13604231,14890448,15107230
12254638,13456229,13438120
14034852,15503963,15617362
11404885,14428396,12414103
12555135,13807439,13810295
13441643,14924898,14916391
11386168,12381889,12342132
13482587,14978668,14805424
13428734,14893303,15077544
14396396,15980090,15978921
12533613,13785612,13712736
13430621,14920645,14943822
12220085,13380931,13380919
13770770,15301418,15301417
9483564,10276975,10276371
13473892,14975102,14968566
9943712,10843732,10841385
13900678,15463641,15465035
13451444,14497922,14927583
13435314,14937194,14943053
7911247,8501765,8499887
13621187,15138361,15138218
13756549,15284372,15284231
13474226,14971142,14979895
13630149,15093404,15148014
13734900,15263358,15262719
12529896,13781432,13768203
13429772,14941713,14891312
13991243,15564646,15560659
13476738,14979151,14914161
13886828,15429535,15425500
14577126,15949121,15948719
9953692,10900871,10854427
9993902,10894686,10884986
14372260,15943477,15935588
11591462,12616684,12616531
13143333,14562812,14510537
13413209,14905542,14997209
14348520,16370972,15894522
12963921,14591807,14369938
13442906,14918711,14897212
13926560,15500308,15498706
9948468,10902343,10899565
13630310,15149998,15148584
14110538,15692365,15690950
13877259,15287237,15421105
14046155,15628724,15629140
13291052,14758210,14761070
12383739,13639176,13639077
12458647,13647862,13678474
13355079,14843711,14843181
13333045,14799986,14789766
11391835,12423644,14410454
13430160,14915795,14903772
14732963,16373143,16363019
13116887,14541858,14528162
12365258,13617739,13640426
13851906,15390546,15390355
14397321,15976654,15976208
9482757,10276622,10277787
9033167,9731805,9731168
12414212,13701735,13655631
12468198,14234517,13709898
13327519,14781336,14796615
11390554,12401683,12400237
6367819,6911867,6910964
14594181,16213147,16213798
13347209,14836819,14836662
14362426,15932400,15930641
9935735,10836634,10830373
13898307,15465292,15458618
13750818,15279833,15277609
10191696,11118710,11116733
11377308,12411449,12371786
12549371,13802519,13794289
14568594,16174276,16173434
13978035,15547000,15538956
11399555,14400016,12405664
13461405,14912470,14892597
14369389,15939924,15939599
13446886,14928759,14893632
14366881,15945882,15938600
9958866,10898905,10894459
12519328,13738886,14750486
13459672,14942252,14892394
13971708,15540613,15540554
13983913,15553959,15549033
13741836,15269867,15269114
11590617,12613096,12609009
13450018,14924531,14922527
12811086,14193971,14191361
13407425,14877542,14877074
12692645,12416333,14140238
11368042,13786224,12383194
12458970,13702331,13644848
9967805,10869124,10886631
11385390,12399499,12397654
13925319,15499218,15498546
13462647,14960172,14761871
12379440,13632522,13632492
13145067,14562786,14571008
14400761,15975753,15955059
13519822,15025183,15017010
12986703,14358207,14355188
13539196,15075601,15056814
13448067,14932854,14918682
1474592,1550319,1514171
7978222,8734983,8570082
13073698,14475659,14380794
16402517,18393435,18392351
13606089,15093913,15118835
13570809,15094290,15048914
13457553,14993656,14901045
11293525,12296161,12295139
9985216,10885620,10862868
9939178,10839371,10840041
5455977,5978090,5978047
10199052,11120274,11120990
13306805,14763082,14761857
12221312,13378741,13378242
10215237,11131365,11136764
13440993,14915770,14915490
13262705,14724085,14723099
12359894,13610186,13605830
13360685,14849780,14848712
9984210,10887112,10870861
10193271,11118616,11116323
11350413,14391844,12358056
13231810,14675009,14674942
13022399,14431413,14430915
12269659,13473236,13472536
13221984,14663125,14650989
13460503,14966624,14939651
13502557,15002101,15002072
11392089,12425437,12403101
13441370,13630606,14893208
14008169,15599660,15591370
13178177,14606256,14672318
13446112,14942335,14894629
13582620,15109121,15057571
11393703,14063523,12396063
13845348,15392872,15393486
5426063,5978590,5953008
10906287,11948860,11849886
12319575,13562968,13561680
12986131,14357768,14357842
12410148,13654639,13655325
14222431,14642637,15470081
12985324,14355513,14356101
14226703,15475118,15468568
13254173,14703690,14589871
14143326,15729427,15727582
13354129,14987822,14842116
11422706,12439336,12432974
13156080,14587143,14581960
13163789,14592014,14592000
14372034,16379745,15948395
9948052,10883422,10893804
13499937,15000936,15001593
13995532,15564841,15564416
14374022,15940036,15940283
9982706,10885341,10861333
13513340,15022713,15019057
9942711,10845518,10843834
13750327,15281374,15277509
13924929,15498736,15498040
13847340,15393069,15392834
13978603,15544979,15547509
13431221,14914358,14894220
13358143,14846631,14844079
13473590,14965888,14913527
13473814,14975470,14965998
13851467,15389773,15389384
12987870,14359621,14359522
13530035,15032284,15031660
13471779,14973544,14964161
13456177,14910505,14897282
12602994,14203192,13920883
14360959,15929599,15925113
13356586,14845094,14843693
13837139,15374371,15373446
12381383,14973804,13633081
13398059,14800264,14783163
13762843,15291521,15291437
13584706,15125278,15098114
13614721,15128716,14992600
13448702,14923211,14921661
11373586,12383442,12381445
13591390,15000813,15123168
14607481,16230754,16226876
16253703,18237712,18237517
13750030,15282387,15277500
13767040,15296486,15293473
13439912,14924104,14921551
12553513,13816903,13814354
11407307,12419822,12391359
14269310,15928377,15925871
12552571,13816372,13780133
9965573,10866903,11278868
11322659,14494007,12268295
13604022,15122090,17845237
5424087,5948650,3552953
1351731,883128,1344062
13915256,15491316,15742988
13899261,15460305,13761810
13471841,14981346,14981070
13420158,14888412,14917857
9993388,10888894,10877627
13285894,15461255,13630884
13326242,14800525,14571687
13294643,14727436,13580961
13356337,14793461,14846017
12958599,14582210,14529452
14590169,16192273,16258243
5958849,6550425,6719470
13293322,14758201,14755236
13133549,14510247,14512875
12246862,15023476,13417726
1403095,173557,1486621
10189108,395223,11110956
9973022,710488,10887104
1457430,1492002,1509592
5930631,720881,6478123
9983116,2953903,10869509
14598691,16238422,16238242
13242818,14774948,14686295
13248773,14687674,14691977
13238585,14631915,14683660
12888485,14211270,14240556
12498467,13787851,13743551
13957083,15529056,15524955
13134912,14551809,14557955
13750498,15279328,15279261
13120807,14542644,14535883
13223050,14658210,14648165
13289762,14753655,14755970
13124409,14566448,14523143
13752735,15282692,15281434
12253285,13470749,13423853
13222785,14621292,14664033
13619371,15137008,15136147
13319683,15278311,14785466
5921345,6531909,6469860
11417588,14364784,12429678
13468911,14963354,14953225
5937774,15085329,6493444
5931476,6478315,6478288
13337756,14773555,14791945
9973336,10886730,10874558
14294849,15807702,15832642
12735007,14139584,14417710
1442971,1240659,1506765
11463268,12459404,12445144
13921051,14558544,15494102
12720234,13445193,14016775
13430538,15001985,14906819
14278326,15768008,15834253
11309923,12433068,12315776
12409984,13678224,13700576
7791837,6919302,8938519
12483322,13728575,13727027
9961196,10863546,10862847
13463162,14885110,14766750
13249224,14618827,14692873
13456749,14937067,14938345
9930744,10824823,10884841
1636443,6485449,1496525
13882663,15296716,15423852
13195763,14625854,14632252
12594663,14318852,12525633
13590748,15009416,15088109
12588796,14045907,13854007
12218938,13400099,13381175
12419985,14625086,13657848
12987016,14548278,14359358
13173505,14549334,14561671
13271974,14733526,14717837
8935458,12598395,9623078
13270314,14743242,14711031
13093515,14376676,14438689
14200159,15855462,15786530
13248957,14657707,14622885
13264240,14711769,14722242
13272672,15462918,14713860
13219691,14620576,14660350
13251576,14696221,14703208
13047444,14409203,14410560
13481429,14967655,14967206
13165107,14591251,14593117
13412084,14988222,14884661
11364691,14437418,12375040
12380821,13642822,13635504
12024460,13650215,13278243
12772228,14204406,16480246
13084740,14375735,14393881
12528219,13792096,13778747
11360302,14477285,12369816
12349039,13861764,13597723
3406907,13896896,3725564
13585333,15042882,15114604
13269739,14763207,14711841
11387031,12406739,12401023
13168306,14360028,14595933
12508336,13809138,13749240
12312891,13562066,13556011
13154733,14512562,14517037
12990764,14578897,14372666
13085081,14486700,14485762
13330294,14828513,14812243
9991125,10878065,10898148
13864126,15376466,15408008
13228639,14687862,14674804
13249520,14684388,14695569
14323648,15783794,15871230
9994343,64049,10863134
12483264,13717400,13726983
12632594,14972323,14920800
13549707,15097708,15057731
7789380,8384263,8383024
11471828,14494497,12457799
12549406,14274032,13802483
13298319,14743857,14752399
14017600,15560030,15598455
14239134,11695681,15842464
14026535,15932389,15602914
13461159,14918403,14909856
13321889,14806035,14784728
17364490,13123979,19390980
14307310,15711686,15854415
13496521,14935923,14988206
13883271,15435253,15424988
13070257,14444748,14444166
13480173,14981187,14977630
14580057,16167888,16187943
13345641,14833770,14834025
6103372,6477262,6650587
9921372,10851115,10825786
13239201,14621587,14682242
14734408,15664818,16375442
11356900,13647379,12365517
14589376,15605119,16197507
13143940,14517817,14561054
13218906,14687984,14659650
13077378,14474554,14402042
13419478,14909740,14748627
13287127,14401241,14749443
13477839,14972316,14910679
13900530,15474525,15478244
13243676,14967187,14688679
12725210,14165554,14419783
6381511,8752666,6955608
13165077,14590384,2607166
14265592,15923009,15896437
5855861,6505213,6407644
13856612,15375935,15829386
13044342,14379341,14445929
5425373,5977699,5949855
12378175,13730563,13705161
5920480,6534277,6469180
13492139,14913555,14990976
12515355,13767471,13597672
14317469,15853210,15821163
13911140,14586445,15484859
13998239,15569441,15567378
13074003,14464811,14475244
13250246,15497162,14662439
2585864,1233887,1819638
12696939,14084202,13831364
13959834,15526952,15519514
11376935,13959048,13960091
12507408,13757396,13745107
13420141,15135092,14934442
9973211,10899417,10565155
13982785,15551737,15549902
13119383,14522206,14585037
14220337,14733298,15468177
13162735,13715598,13740197
13428740,14987226,14907762
11414368,12405000,14103845
14324617,15872106,15871871
13397451,13776776,14844078
13274544,14873955,13851181
12935906,14585892,15009377
13945061,16175841,15538215
13267257,14719392,14708888
13905170,15459396,15458100
13440197,14900184,14940290
13542975,15112853,14164975
14221721,15471421,15474224
13275419,14738127,14736894
7788910,8390602,8378036
13436317,14898579,14908101
13272483,14754002,14958215
13869107,15270832,14835521
13863586,15405314,15403669
5938295,6481963,6536111
14311505,10098718,15736412
14185304,15769786,15771077
12555845,13808372,13813492
16898171,18892465,18955204
13217659,14729465,14700219
9932266,10834150,10284403
13232944,14697877,14665499
5922808,6481457,6467078
12478497,14126812,13739142
13417423,14935486,14894537
13583102,15048444,14744273
13755183,15283442,14761013
13153729,14587247,14580660
12786445,13266406,14164369
13984680,16191022,15599016
210406,12442054,14018863
13431597,14908218,14744482
12110621,14490714,13255756
14220799,15730866,15710936
13293455,14739501,14749761
12353406,13604372,13602855
14270003,15921931,15920970
12889832,14363611,14301297
13917542,15490448,14577672
9475026,10271259,10277847
17192375,19242287,19238708
1402500,1455898,1524273
13965845,15535448,14487949
14753048,16404252,15537821
13351308,14840785,3630003
13925123,15582996,15499286
13350687,15437172,15981694
13874276,15290824,15289371
13508028,15035597,13387203
1444216,655791,1476645
13538480,15005984,13606705
13612996,15042694,15127246
9963759,10884640,10881731
13518539,14897416,15020848